<?xml version="1.0" encoding="UTF-8" ?>
<!--
   New Perspectives on XML
   Tutorial 6
   Case Problem 4

   Baseball Abstract Box Score Data
   Author: 
   Date:   

   Filename:         score.xml
   Supporting Files: score.xsl
-->


<boxscore>
   <time>2:22</time>
   <attendance>32,018</attendance>
   <game team="Minnesota">
      <inning number="1">1</inning>
      <inning number="2">0</inning>
      <inning number="3">0</inning>
      <inning number="4">0</inning>
      <inning number="5">0</inning>
      <inning number="6">0</inning>
      <inning number="7">0</inning>
      <inning number="8">0</inning>
      <inning number="9">2</inning>
      <runs>3</runs>
      <hits>6</hits>
      <errors>0</errors>
   </game>
   <game team="Boston">
      <inning number="1">0</inning>
      <inning number="2">2</inning>
      <inning number="3">0</inning>
      <inning number="4">1</inning>
      <inning number="5">0</inning>
      <inning number="6">0</inning>
      <inning number="7">1</inning>
      <inning number="8">0</inning>
      <inning number="9">x</inning>
      <runs>4</runs>
      <hits>10</hits>
      <errors>0</errors>
   </game>
   <team>
      <name>Minnesota</name>
      <batters>
         <player ab="4" r="0" h="0" rbi="0" bb="0" so="1" lob="0" avg="0.255">
            L. Lawrence
         </player>
         <player ab="4" r="1" h="1" rbi="2" bb="0" so="2" lob="1" avg="0.302">
            S. Kemper
         </player>
         <player ab="4" r="1" h="0" rbi="0" bb="0" so="0" lob="0" avg="0.286">
            B. Aaron
         </player>
         <player ab="4" r="0" h="1" rbi="1" bb="0" so="2" lob="1" avg="0.303">
            C. Collins
         </player>
         <player ab="3" r="0" h="1" rbi="0" bb="1" so="0" lob="1" avg="0.301">
            D. Light
         </player>
         <player ab="3" r="0" h="1" rbi="1" bb="0" so="0" lob="0" avg="0.299">
            U. Guess
         </player>
         <player ab="3" r="0" h="0" rbi="0" bb="0" so="1" lob="1" avg="0.277">
            R. Dension
         </player>
         <player ab="2" r="0" h="1" rbi="0" bb="0" so="0" lob="0" avg="0.252">
            K. Kaufmann
         </player>
         <player ab="2" r="0" h="0" rbi="0" bb="0" so="0" lob="1" avg="0.279">
            L. Sanchez
         </player>
         <player ab="3" r="1" h="1" rbi="0" bb="0" so="1" lob="0" avg="0.281">
            J. Cho
         </player>
      </batters>
      <pitchers>
         <player ip="7" h="8" r="4" er="3" bb="3" so="4" hr="0" era="3.85" record="(L, 3-9)">
            M. Li
         </player>
         <player ip="2" h="2" r="0" er="0" bb="0" so="2" hr="0" era="4.20" record="">
            R. Rawlings
         </player>
      </pitchers>
   </team>
   <team>
      <name>Boston</name>
      <batters>
         <player ab="4" r="0" h="0" rbi="0" bb="0" so="2" lob="3" avg="0.295">
            J. Kasie
         </player>
         <player ab="4" r="1" h="2" rbi="2" bb="0" so="0" lob="1" avg="0.268">
            A. Wilson
         </player>
         <player ab="4" r="1" h="2" rbi="0" bb="0" so="0" lob="1" avg="0.316">
            M. Turner
         </player>
         <player ab="4" r="0" h="1" rbi="1" bb="0" so="1" lob="2" avg="0.311">
            R. Bonds
         </player>
         <player ab="3" r="0" h="0" rbi="0" bb="1" so="0" lob="1" avg="0.223">
            L. Wilkes
         </player>
         <player ab="3" r="0" h="1" rbi="1" bb="0" so="0" lob="0" avg="0.251">
            J. Hayes
         </player>
         <player ab="3" r="0" h="0" rbi="0" bb="0" so="1" lob="1" avg="0.271">
            B. Stevens
         </player>
         <player ab="2" r="0" h="2" rbi="0" bb="0" so="0" lob="0" avg="0.241">
            J. Sheridan
         </player>
         <player ab="1" r="0" h="0" rbi="0" bb="0" so="1" lob="0" avg="0.302">
            S. Stevens
         </player>
         <player ab="3" r="1" h="1" rbi="0" bb="1" so="0" lob="1" avg="0.225">
            M. Mitchell
         </player>
         <player ab="2" r="0" h="1" rbi="0" bb="1" so="0" lob="0" avg="0.281">
            A. White
         </player>
         <player ab="2" r="1" h="0" rbi="0" bb="0" so="1" lob="0" avg="0.277">
            B. Alvarez
         </player>
      </batters>
      <pitchers>
         <player ip="8" h="6" r="3" er="2" bb="0" so="6" hr="0" era="2.14" record="(W, 16-2)">
            K. Mays
         </player>
         <player ip="1" h="0" r="0" er="0" bb="0" so="3" hr="0" era="3.51" record="(S, 21)">
            S. Wolf
         </player>
      </pitchers>
   </team>
</boxscore>