<?xml version="1.0" ?>
<!--
   XML Final Exam
   Superstar Movies: Catalog of Movie and Actor Info.
   Author: 
   Date:   

   Filename:         catalog.xml
-->

<catalog>
  <movies>
    <movie movieID="m0100" genre="drama">
      <title>Monster's Ball</title>
      <year>2001</year>
      <length>111</length>
      <topBilledActors actorIDs="a0100 a0102" />
    </movie>
    
    <movie movieID="m0101" genre="fantasy">
      <title>X-Men</title>
      <year>2000</year>
      <length>104</length>
      <topBilledActors actorIDs="a0100 a0103" />
    </movie>
    
    <movie movieID="m0107" genre="action" earningsRank="17">
      <title>Lord of the Rings: The Fellowship of the Ring</title>
      <year>2001</year>
      <length>178</length>
      <topBilledActors actorIDs="a0103" />
    </movie>
    
    <movie movieID="m0103" genre="comedy" earningsRank="14">
      <name>Forrest Gump</name>
      <year>1994</year>
      <length>142</length>
      <topBilledActors actorIDs="a0101 a0105 a0106" />
    </movie>
    
    <movie movieID="M0102" genre="action" earningsRank="50">
      <title>Saving Private Ryan</title>
      <year>1998</year>
      <length>170</length>
      <topBilledActors actorIDs="a0101 a0104" />
    </movie>
    
    <movie movieID="m0105" genre="comedy" earningsRank="14">
      <title>Forrest Gump</title>
      <year>1994</year>
      <length>142</length>
      <topBilledActors actorIDs="a0101 a0105 a0106" />
    </movie>
    
    <movie movieID="m0104" genre="drama">
      <title>Philadelphia</title>
      <year>1993</year>
      <length>125</length>
      <topBilledActors actorIDs="a0101 a0107" />
    </movie>

    <movie movieID="m0106" genre="drama">
      <title>Apollo 13</title>
      <year>1995</year>
      <length>140 minutes</length>
      <topBilledActors actorIDs="a0101 a0106" />
    </movie>

  </movies>
  
  <actors>
    
    <actor actorID="a0100" oscarWinner="yes">
      <name>Halle Berry</name>
      <date>August 14, 1966</date>
      <birthplace>Cleveland, Ohio</birthplace>
      <role movie="m0100">Leticia Musgrove</role>
      <role movie="m0101">Storm</role>
    </actor>
    
    <actor actorID="a0102" oscarWinner="Yes">
      <name>Billy Bob Thornton</name>
      <role movie="m0100">Hank Grotowski</role>
    </actor>
    
    <actor actorID="a0103" oscarWinner="no">
      <name>Ian McKellen</name>
      <role movie="m0101">Magneto</role>
      <role movie="m0105">Gandolf</role>
      <role movie="m0107">Gandolf</role>
    </actor>
    
    <actor actorID="a0101" oscarWinner="yes">
      <name>Tom Hanks</name>
      <date>1956-07-09</date>
      <birthplace>Concord, California</birthplace>
      <role movie="m0102">Captain John H. Miller</role>
      <role movie="m0103">Forrest Gump</role>
      <role movie="m0104">Andrew Beckett</role>
    </actor>
    
    <actor actorID="a0104" oscarWinner="yes">
      <name>Matt Damon</name>
      <date>1970-10-08</date>
      <birthplace>Cambridge, Massachusetts</birthplace>
      <role movie="m0102">Private James Francis Ryan</role>
    </actor>
    
    <actor actorID="a0105" oscarWinner="yes">
      <name>Sally Field</name>
      <birthplace>Pasadena, California</birthplace>
      <role movie="m0103">Mrs. Gump</role>
    </actor>
    
    <actor actorID="a0106">
      <name>Gary Sinise</name>
      <role movie="m0103">Lt. Dan Taylor</role>
      <role movie="m0106">Ken Mattingly</role>
    </actor>
    
    <actor actorID="a0107" oscarWinner="yes">
      <name>Denzel Washington</name>
      <role movie="m0104">Joe Miller</role>
    </actor>
    
  </actors>

</catalog>