<?xml version="1.0" encoding="UTF-8" ?>
<!--
   New Perspectives on XML
   Tutorial 8
   Case Problem 4

   The Lighthouse Contributor List

   Filename:         persons.xml
   Supporting Files: 
-->

<persons>
<person pid="p1">
   <firstName>David</firstName>
   <lastName>Olson</lastName>
   <street>5133 Oak Street</street>
   <city>Delphi</city>
   <state>KY</state>
   <zip>89011</zip>
   <phone>(532) 555-8981</phone>
</person>
<person pid="p2">
   <firstName>Cindy</firstName>
   <lastName>Wu</lastName>
   <street>31 Alice Avenue</street>
   <city>Delphi</city>
   <state>KY</state>
   <zip>89011</zip>
   <phone>(532) 555-7212</phone>
</person>
<person pid="p3">
   <firstName>Lee</firstName>
   <lastName>Thomas</lastName>
   <street>451 Unwin Court</street>
   <city>Jasper</city>
   <state>KY</state>
   <zip>89381</zip>
   <phone>(534) 555-9082</phone>
</person>
<person pid="p4">
   <firstName>Jane</firstName>
   <lastName>Whitney</lastName>
   <street>87 Hilltop Drive</street>
   <city>Jasper</city>
   <state>KY</state>
   <zip>89381</zip>
   <phone>(534) 555-7493</phone>
</person>
<person pid="p5">
   <firstName>Andrew</firstName>
   <lastName>Sanchez</lastName>
   <street>891 Lindon Lane</street>
   <city>Delphi</city>
   <state>KY</state>
   <zip>89011</zip>
   <phone>(532) 555-4313</phone>
</person>
<person pid="p6">
   <firstName>Gary</firstName>
   <lastName>Windt</lastName>
   <street>55 Hawking Street</street>
   <city>Delphi</city>
   <state>KY</state>
   <zip>89011</zip>
   <phone>(532) 555-9939</phone>
</person>
<person pid="p7">
   <firstName>Cynthia</firstName>
   <lastName>Browne</lastName>
   <street>71 Circuit Court</street>
   <city>Wheaton</city>
   <state>KY</state>
   <zip>89321</zip>
   <phone>(532) 555-3813</phone>
</person>
<person pid="p8">
   <firstName>Howard</firstName>
   <lastName>Li</lastName>
   <street>4312 East Oak Avenue</street>
   <city>Youngston</city>
   <state>KY</state>
   <zip>89318</zip>
   <phone>(532) 555-3921</phone>
</person>
<person pid="p9">
   <firstName>Uma</firstName>
   <lastName>Thu</lastName>
   <street>25 Longton Lane</street>
   <city>Delphi</city>
   <state>KY</state>
   <zip>89011</zip>
   <phone>(531) 555-8730</phone>
</person>
<person pid="p10">
   <firstName>Alan</firstName>
   <lastName>Wilkes</lastName>
   <street>321 Ashburn</street>
   <city>Jasper</city>
   <state>KY</state>
   <zip>89831</zip>
   <phone>(532) 555-1181</phone>
</person>
<person pid="p11">
   <firstName>Steve</firstName>
   <lastName>Bones</lastName>
   <street>900 Lawton Street</street>
   <city>Wheaton</city>
   <state>KY</state>
   <zip>89211</zip>
   <phone>(533) 555-5434</phone>
</person>
<person pid="p12">
   <firstName>Jeri</firstName>
   <lastName>White</lastName>
   <street>Hawkes Lane</street>
   <city>Delphi</city>
   <state>KY</state>
   <zip>89211</zip>
   <phone>(542) 555-8828</phone>
</person>
<person pid="p13">
   <firstName>Tom</firstName>
   <lastName>Thomas</lastName>
   <street>Rigel Avenue</street>
   <city>Drake</city>
   <state>KY</state>
   <zip>89411</zip>
   <phone>(531) 555-8311</phone>
</person>
<person pid='p14'>
   <firstName>Hugh</firstName>
   <lastName>Warren</lastName>
   <street>585 Lindon Court</street>
   <city>Wheaton</city>
   <state>KY</state>
   <zip>88877</zip>
   <phone>(531) 555-8567</phone>
</person>
<person pid='p15'>
   <firstName>Lynwood</firstName>
   <lastName>Ingersoll</lastName>
   <street>723 Jackson Avenue</street>
   <city>Delphi</city>
   <state>KY</state>
   <zip>88802</zip>
   <phone>(542) 555-2355</phone>
</person>
<person pid='p16'>
   <firstName>Petronila</firstName>
   <lastName>Damico</lastName>
   <street>44 Stewart Street</street>
   <city>Drake</city>
   <state>KY</state>
   <zip>88604</zip>
   <phone>(541) 555-2992</phone>
</person>
<person pid='p17'>
   <firstName>Livia</firstName>
   <lastName>Mckinnon</lastName>
   <street>557 Ivy Avenue</street>
   <city>Jasper</city>
   <state>KY</state>
   <zip>88960</zip>
   <phone>(531) 555-3472</phone>
</person>
<person pid='p18'>
   <firstName>Kris</firstName>
   <lastName>Levesque</lastName>
   <street>542 Upton Avenue</street>
   <city>Delphi</city>
   <state>KY</state>
   <zip>88793</zip>
   <phone>(542) 555-2030</phone>
</person>
<person pid='p19'>
   <firstName>Basilia</firstName>
   <lastName>Lu</lastName>
   <street>851 Flad Court</street>
   <city>Jasper</city>
   <state>KY</state>
   <zip>88633</zip>
   <phone>(542) 555-6356</phone>
</person>
<person pid='p20'>
   <firstName>Genny</firstName>
   <lastName>Rainey</lastName>
   <street>657 Dawson Lane</street>
   <city>Youngston</city>
   <state>KY</state>
   <zip>88873</zip>
   <phone>(542) 555-8988</phone>
</person>
<person pid='p21'>
   <firstName>Lajuana</firstName>
   <lastName>Epstein</lastName>
   <street>710 Carey Court</street>
   <city>Lee</city>
   <state>KY</state>
   <zip>88152</zip>
   <phone>(534) 555-7702</phone>
</person>
<person pid='p22'>
   <firstName>Suk</firstName>
   <lastName>Butts</lastName>
   <street>551 Gillett Street</street>
   <city>Youngston</city>
   <state>KY</state>
   <zip>88754</zip>
   <phone>(533) 555-4951</phone>
</person>
<person pid='p23'>
   <firstName>Alena</firstName>
   <lastName>Lovell</lastName>
   <street>34 Larson Lane</street>
   <city>Lee</city>
   <state>KY</state>
   <zip>88748</zip>
   <phone>(541) 555-1815</phone>
</person>
<person pid='p24'>
   <firstName>Maegan</firstName>
   <lastName>Fort</lastName>
   <street>589 Oseola Road</street>
   <city>Cutler</city>
   <state>KY</state>
   <zip>88527</zip>
   <phone>(533) 555-2223</phone>
</person>
<person pid='p25'>
   <firstName>Maye</firstName>
   <lastName>Schramm</lastName>
   <street>183 Oak Court</street>
   <city>Lee</city>
   <state>KY</state>
   <zip>88290</zip>
   <phone>(533) 555-5779</phone>
</person>
<person pid='p26'>
   <firstName>Lonnie</firstName>
   <lastName>Dingle</lastName>
   <street>143 Eaton Lane</street>
   <city>Jasper</city>
   <state>KY</state>
   <zip>88761</zip>
   <phone>(542) 555-1719</phone>
</person>
<person pid='p27'>
   <firstName>Marx</firstName>
   <lastName>Pelkey</lastName>
   <street>791 Paulson Lane</street>
   <city>Youngston</city>
   <state>KY</state>
   <zip>88248</zip>
   <phone>(534) 555-2511</phone>
</person>
<person pid='p28'>
   <firstName>Shaun</firstName>
   <lastName>Talbot</lastName>
   <street>572 Regan Lane</street>
   <city>Youngston</city>
   <state>KY</state>
   <zip>88466</zip>
   <phone>(542) 555-4914</phone>
</person>
<person pid='p29'>
   <firstName>Karyl</firstName>
   <lastName>Prieto</lastName>
   <street>965 Maple Road</street>
   <city>Cutler</city>
   <state>KY</state>
   <zip>88713</zip>
   <phone>(531) 555-4314</phone>
</person>
<person pid='p30'>
   <firstName>Malissa</firstName>
   <lastName>Tedesco</lastName>
   <street>780 High View Lane</street>
   <city>Cutler</city>
   <state>KY</state>
   <zip>88392</zip>
   <phone>(541) 555-1334</phone>
</person>
<person pid='p31'>
   <firstName>Colin</firstName>
   <lastName>Locklear</lastName>
   <street>604 Hillton Lane</street>
   <city>Jasper</city>
   <state>KY</state>
   <zip>88694</zip>
   <phone>(533) 555-3665</phone>
</person>
<person pid='p32'>
   <firstName>Chasity</firstName>
   <lastName>Tyson</lastName>
   <street>869 Burris Road</street>
   <city>Youngston</city>
   <state>KY</state>
   <zip>88450</zip>
   <phone>(542) 555-8063</phone>
</person>
<person pid='p33'>
   <firstName>Rico</firstName>
   <lastName>Lam</lastName>
   <street>72 Ming Road</street>
   <city>Delphi</city>
   <state>KY</state>
   <zip>88521</zip>
   <phone>(541) 555-8087</phone>
</person>
<person pid='p34'>
   <firstName>Alisa</firstName>
   <lastName>Rosen</lastName>
   <street>738 Wheaton Road</street>
   <city>Drake</city>
   <state>KY</state>
   <zip>88969</zip>
   <phone>(541) 555-3797</phone>
</person>
<person pid='p35'>
   <firstName>Nathanael</firstName>
   <lastName>Jewett</lastName>
   <street>731 Dawson Avenue</street>
   <city>Delphi</city>
   <state>KY</state>
   <zip>88764</zip>
   <phone>(541) 555-5275</phone>
</person>
<person pid='p36'>
   <firstName>Soo</firstName>
   <lastName>Maze</lastName>
   <street>487 Ivy Avenue</street>
   <city>Drake</city>
   <state>KY</state>
   <zip>88719</zip>
   <phone>(531) 555-7450</phone>
</person>
<person pid='p37'>
   <firstName>Haydee</firstName>
   <lastName>Tubbs</lastName>
   <street>489 Harris Lane</street>
   <city>Wheaton</city>
   <state>KY</state>
   <zip>88614</zip>
   <phone>(542) 555-3316</phone>
</person>
<person pid='p38'>
   <firstName>Charlene</firstName>
   <lastName>Farias</lastName>
   <street>15 Vine Street</street>
   <city>Cutler</city>
   <state>KY</state>
   <zip>88931</zip>
   <phone>(533) 555-6717</phone>
</person>
<person pid='p39'>
   <firstName>Cleo</firstName>
   <lastName>Sledge</lastName>
   <street>179 Cinder Lane</street>
   <city>Delphi</city>
   <state>KY</state>
   <zip>88879</zip>
   <phone>(534) 555-3124</phone>
</person>
<person pid='p40'>
   <firstName>Glynis</firstName>
   <lastName>Rasmussen</lastName>
   <street>419 Course Street</street>
   <city>Wheaton</city>
   <state>KY</state>
   <zip>88373</zip>
   <phone>(541) 555-7294</phone>
</person>
<person pid='p41'>
   <firstName>Lucilla</firstName>
   <lastName>Zuber</lastName>
   <street>957 Politer Street</street>
   <city>Wheaton</city>
   <state>KY</state>
   <zip>88752</zip>
   <phone>(531) 555-1394</phone>
</person>
<person pid='p42'>
   <firstName>Shannon</firstName>
   <lastName>Tyson</lastName>
   <street>338 Poulin Road</street>
   <city>Youngston</city>
   <state>KY</state>
   <zip>88277</zip>
   <phone>(533) 555-5876</phone>
</person>
<person pid='p43'>
   <firstName>Annie</firstName>
   <lastName>Tyson</lastName>
   <street>936 Mesa Road</street>
   <city>Youngston</city>
   <state>KY</state>
   <zip>88379</zip>
   <phone>(531) 555-1430</phone>
</person>
<person pid='p44'>
   <firstName>Guillermina</firstName>
   <lastName>Click</lastName>
   <street>402 Sawtooth Lane</street>
   <city>Jasper</city>
   <state>KY</state>
   <zip>88312</zip>
   <phone>(541) 555-3376</phone>
</person>
<person pid='p45'>
   <firstName>Quinton</firstName>
   <lastName>Caraballo</lastName>
   <street>744 Yosemite Lane</street>
   <city>Delphi</city>
   <state>KY</state>
   <zip>88514</zip>
   <phone>(542) 555-2319</phone>
</person>
<person pid='p46'>
   <firstName>Norman</firstName>
   <lastName>Vela</lastName>
   <street>976 Tyson Avenue</street>
   <city>Wheaton</city>
   <state>KY</state>
   <zip>88569</zip>
   <phone>(541) 555-5491</phone>
</person>
<person pid='p47'>
   <firstName>Gracie</firstName>
   <lastName>Bones</lastName>
   <street>748 Zion Road</street>
   <city>Drake</city>
   <state>KY</state>
   <zip>88825</zip>
   <phone>(542) 555-2584</phone>
</person>
<person pid='p48'>
   <firstName>Denise</firstName>
   <lastName>Hector</lastName>
   <street>699 Aztec Road</street>
   <city>Lee</city>
   <state>KY</state>
   <zip>88296</zip>
   <phone>(531) 555-6525</phone>
</person>
<person pid='p49'>
   <firstName>Felicitas</firstName>
   <lastName>Pharr</lastName>
   <street>582 Onion Lane</street>
   <city>Lee</city>
   <state>KY</state>
   <zip>88322</zip>
   <phone>(534) 555-3701</phone>
</person>
<person pid='p50'>
   <firstName>Mike</firstName>
   <lastName>Prosser</lastName>
   <street>933 Highland Avenue</street>
   <city>Delphi</city>
   <state>KY</state>
   <zip>88485</zip>
   <phone>(531) 555-5564</phone>
</person>
<person pid='p51'>
   <firstName>Patricia</firstName>
   <lastName>Giles</lastName>
   <street>876 Hill Street</street>
   <city>Drake</city>
   <state>KY</state>
   <zip>88656</zip>
   <phone>(531) 555-6585</phone>
</person>
<person pid='p52'>
   <firstName>Lucile</firstName>
   <lastName>Ragsdale</lastName>
   <street>317 Edger Court</street>
   <city>Lee</city>
   <state>KY</state>
   <zip>88566</zip>
   <phone>(531) 555-5912</phone>
</person>
<person pid='p53'>
   <firstName>Parker</firstName>
   <lastName>Parson</lastName>
   <street>999 Wood Lane</street>
   <city>Drake</city>
   <state>KY</state>
   <zip>88175</zip>
   <phone>(533) 555-7931</phone>
</person>
<person pid='p54'>
   <firstName>Yale</firstName>
   <lastName>Bertram</lastName>
   <street>210 Winton Road</street>
   <city>Drake</city>
   <state>KY</state>
   <zip>88447</zip>
   <phone>(534) 555-1874</phone>
</person>
<person pid='p55'>
   <firstName>Raelene</firstName>
   <lastName>Brace</lastName>
   <street>323 Fawkes Road</street>
   <city>Jasper</city>
   <state>KY</state>
   <zip>88771</zip>
   <phone>(534) 555-4434</phone>
</person>
<person pid='p56'>
   <firstName>Haley</firstName>
   <lastName>Rainwater</lastName>
   <street>249 Freedom Road</street>
   <city>Lee</city>
   <state>KY</state>
   <zip>88219</zip>
   <phone>(542) 555-5756</phone>
</person>
<person pid='p57'>
   <firstName>Leeann</firstName>
   <lastName>Lovett</lastName>
   <street>472 Gaston Court</street>
   <city>Youngston</city>
   <state>KY</state>
   <zip>88552</zip>
   <phone>(533) 555-6008</phone>
</person>
<person pid='p58'>
   <firstName>Beckie</firstName>
   <lastName>Greer</lastName>
   <street>798 Lindley Avenue</street>
   <city>Jasper</city>
   <state>KY</state>
   <zip>88454</zip>
   <phone>(542) 555-7642</phone>
</person>
<person pid='p59'>
   <firstName>Maia</firstName>
   <lastName>Rupert</lastName>
   <street>816 Ashton Avenue</street>
   <city>Lee</city>
   <state>KY</state>
   <zip>88271</zip>
   <phone>(533) 555-2740</phone>
</person>
<person pid='p60'>
   <firstName>Nancy</firstName>
   <lastName>Staten</lastName>
   <street>232 Rice Street</street>
   <city>Cutler</city>
   <state>KY</state>
   <zip>88819</zip>
   <phone>(542) 555-1838</phone>
</person>
</persons>