<?xml version="1.0" encoding="UTF-8" standalone="yes" ?>
<?xml-stylesheet type="text/css" href="contrib2.css"?>

<!--
   New Perspectives on XML
   Tutorial 2
   Case Problem 1

   EPAC-MO List of Contributors

   Filename:         contrib.xml
   Supporting Files: 
-->

<cont:rare_items xmlns:cont="http://wwww.epacmo.org/contrib">
      <cont:contributor id="c001" agent="a01">
         <cont:first>David</cont:first>
         <cont:last>Lee</cont:last>
         <cont:address>
            <cont:street>212 West Advent St.</cont:street>
            <cont:city>Cutler</cont:city>
            <cont:state>MO</cont:state>
            <cont:zip>32815</cont:zip>
            <cont:phone>555-7812</cont:phone>
         </cont:address>
         <cont:amount>$150</cont:amount>
      </cont:contributor>
      <cont:contributor id="c002" agent="a01">
         <cont:first>Karen</cont:first>
         <cont:last>Belaska</cont:last>
         <cont:address>
            <cont:street>500 Maple Ln.</cont:street>
            <cont:city>Cutler</cont:city>
            <cont:state>MO</cont:state>
            <cont:zip>32817</cont:zip>
            <cont:phone>555-3219</cont:phone>
         </cont:address>
         <cont:amount>$50</cont:amount>
      </cont:contributor>
      <cont:contributor id="c003" agent="a02">
         <cont:first>Alice</cont:first>
         <cont:last>Sanchez</cont:last>
         <cont:address>
            <cont:street>5 North St.</cont:street>
            <cont:city>Davidton</cont:city>
            <cont:state>MO</cont:state>
            <cont:zip>39810</cont:zip>
            <cont:phone>555-0190</cont:phone>
         </cont:address>
         <cont:amount>$225</cont:amount>
      </cont:contributor>
      <cont:contributor id="c004" agent="a01">
         <cont:first>Allen</cont:first>
         <cont:last>Chmurutra</cont:last>
         <cont:address>
            <cont:street>400 Main St.</cont:street>
            <cont:city>Davidton</cont:city>
            <cont:state>MO</cont:state>
            <cont:zip>39112</cont:zip>
            <cont:phone>555-4388</cont:phone>
         </cont:address>
         <cont:amount>$125</cont:amount>
      </cont:contributor>
      <cont:contributor id="c005" agent="a02">
         <cont:first>Cynthia</cont:first>
         <cont:last>Whyte</cont:last>
         <cont:address>
            <cont:street>657 Hemisphere Dr.</cont:street>
            <cont:city>Cutler</cont:city>
            <cont:state>MO</cont:state>
            <cont:zip>31287</cont:zip>
            <cont:phone>555-0923</cont:phone>
         </cont:address>
         <cont:amount>$50</cont:amount>
      </cont:contributor>
      <cont:contributor id="c006" agent="a02">
         <cont:first>Alison</cont:first>
         <cont:last>Heart</cont:last>
         <cont:address>
            <cont:street>622 Hemisphere Dr.</cont:street>
            <cont:city>Cutler</cont:city>
            <cont:state>MO</cont:state>
            <cont:zip>31287</cont:zip>
            <cont:phone>555-0923</cont:phone>
         </cont:address>
         <cont:amount>$100</cont:amount>
      </cont:contributor>
</cont:rare_items>