<?xml version="1.0" encoding="UTF-8" standalone="yes" ?>
<!--
   New Perspectives on XML
   Tutorial 2
   Review Assignment

   Laser4C Downloadable Files

   Filename:         files.xml
   Supporting Files: 
-->

   <files id="files_pr205">
      <file>
         <name>Laser4C Driver</name>
         <date>13 Feb 2008</date>
         <size>13 MB</size>
         <rev>2.1</rev>
         <item>jelaser4crev21.exe</item>
      </file>
      <file>
         <name>Laser4C Printing System</name>
         <date>21 Nov 2007</date>
         <size>82 MB</size>
         <rev>4.3</rev>
         <item>jeprintsys43.exe</item>
      </file>
      <file>
         <name>Laser4C Plug and Play Bundle</name>
         <date>28 Sep 2007</date>
         <size>13 MB</size>
         <rev>5.6</rev>
         <item>jepnp56.exe</item>
      </file>
      <file>
         <name>Laser4C Firmware Update</name>
         <date>21 Feb 2008</date>
         <size>1.2 MB</size>
         <rev>20080221</rev>
         <item>jelaserfw6.exe</item>
      </file>
   </files>