<?xml version="1.0" encoding="UTF-8" standalone="yes" ?>
<!--
   New Perspectives on XML
   Tutorial 4
   Case Problem 2

   EPAC-MO Contribution Report
   Author: Hazim Mohaisen
   Date:   06/14/2012

   Filename:         report.xml
   Supporting Files: clist.xsd
-->

<!--Step 18-->
<!-- within the root canvassers element declare the XML Schema instance namespace using the prefix xsi line 1-->
<!--Decalre the canvassers namespace using the prefix canvlist line 2-->
<!--Declare the contributions namespace using the prefix clist line 3-->
<!--Attach the schemas from the canvlist.xsd and clist.xsd files using the apppropriate namespaces line 4-->
<!-- How about clist.xsd???-->
<!--step 19, line 1 add canvlist tag-->
<canvlist:canvassers xmlns:xsi="http://www.w3.org/2001/XMLSchema-instance"
            xmlns:canvlist="http://epacmo.org/canvassers"
            xmlns:clist="http://epacmo.org/contributors"
            xsi:schemaLocation="http://epacmo.org/canvassers canvlist.xsd">

  <canvasser id="a01" list="c001 c002 c004">
      <name>
         <firstName>Beverly</firstName>
         <lastName>Kaufmann</lastName>
      </name>
      <address>
         <street>400 Main St.</street>
         <city>Jackson</city>
         <state>MO</state>
         <zip>31901</zip>
      </address>
      <phone>555-0015</phone>
      <phone>555-0016</phone>
      <phone>555-2182</phone>
      <collected>325</collected>
      <!--Step 19 add clist-->
      <clist:contributions>
        <contributor id="c001" canvasser="a01">
          <name>
            <firstName>David</firstName>
            <lastName>Lee</lastName>
          </name>
          <address>
            <street>212 West Advent St.</street>
            <city>Cutler</city>
            <state>MO</state>
            <zip>32815</zip>
          </address>
          <phone>555-7812</phone>
          <donated>150</donated>
        </contributor>
        <contributor id="c002" canvasser="a01">
          <name>
            <firstName>Karen</firstName>
            <lastName>Belaska</lastName>
          </name>
          <address>
            <street>500 Maple Ln.</street>
            <city>Cutler</city>
            <state>MO</state>
            <zip>32817</zip>
          </address>
          <phone>555-3219</phone>
          <donated>50</donated>
        </contributor>
        <contributor id="c004" canvasser="a01">
          <name>
            <firstName>Allen</firstName>
            <lastName>Chmurutra</lastName>
          </name>
          <address>
            <street>400 Main St.</street>
            <city>Davidton</city>
            <state>MO</state>
            <zip>39112</zip>
          </address>
          <donated>125</donated>
        </contributor>
      </clist:contributions>
   </canvasser>
   <canvasser id="a02" list="c003 c005 c006">
      <name>
         <firstName>Kevin</firstName>
         <lastName>Yates</lastName>
      </name>
      <address>
         <street>25 Apple Ln.</street>
         <city>Newton</city>
         <state>MO</state>
         <zip>38981</zip>
      </address>
      <phone>555-2158</phone>
      <collected>375</collected>
     <!--Step 19 add clist-->
     <clist:contributions>
       <contributor id="c003" canvasser="a02">
         <name>
           <firstName>Alice</firstName>
           <lastName>Sanchez</lastName>
         </name>
         <address>
           <street>5 North St.</street>
           <city>Davidton</city>
           <state>MU</state>
           <zip>39810</zip>
         </address>
         <donated>225</donated>
       </contributor>
       <contributor id="c005" canvasser="a02">
         <name>
           <firstName>Cynthia</firstName>
           <lastName>Whyte</lastName>
         </name>
         <address>
           <street>657 Hemisphere Dr.</street>
           <city>Cutler</city>
           <state>MO</state>
           <zip>31287</zip>
         </address>
         <phone>555-0923</phone>
         <donated>50</donated>
       </contributor>
       <contributor id="c006" canvasser="a02">
         <name>
           <firstName>Alison</firstName>
           <lastName>Heart</lastName>
         </name>
         <address>
           <street>622 Hemisphere Dr.</street>
           <city>Cutler</city>
           <state>MO</state>
           <zip>31287</zip>
         </address>
         <phone>555-0923</phone>
         <phone>555-9099</phone>
         <donated>100</donated>
       </contributor>
     </clist:contributions>
   </canvasser>

</canvlist:canvassers>