<?xml version="1.0" encoding="UTF-8" ?>
<!--
   New Perspectives on XML
   Tutorial 5
   Review Assignment

   Tour Nation Bicycles
   Author: 
   Date:   

   Filename:         bike2.xml
   Supporting Files: bike2.css, c100.jpg, c200.jpg, combo750.jpg, tnation.jpg, 
                     tour250.jpg, tri200.jpg
-->

<document xmlns:html="http://www.w3.org/1999/xhtml">
   <author>Janet Schmidtt</author>
   <date>8/17/2007</date>
   <title><html:img src="tnation.jpg" alt="Tour Nation" /></title>
   <subtitle>Bike Models</subtitle>

   <models>
      <model>
         <name class="city">City Cruiser 100</name>
         <html:img src="c100.jpg" alt="" />
         <features>
            <feature><fName>sizes: </fName>(L) 16.5", (XL) 18.5", (XXL) 21"</feature>
            <feature><fName>frame: </fName>Prime Aluminum Comfort Specific</feature>
            <feature><fName>fork: </fName>Trek high tensile steel ATB</feature>
            <feature><fName>wheels: </fName>Matrix 550 rims</feature> 
            <feature><fName>tires: </fName>Bontrager Comfort, 26x1.95" f/r </feature> 
            <feature><fName>shifters: </fName>SRAM 5.0 Royale</feature> 
            <feature><fName>front derailleur: </fName>Lancaster C051</feature> 
            <feature><fName>rear derailleur: </fName>SRAM ESP 4.0</feature> 
            <feature><fName>crankset: </fName>SunRace FCM36 48/38/28</feature>
         </features>
         <description>
            The City Cruiser 100 is designed to give you the perfect blend of 
            comfort and performance, taking away the bumps and bruises of city 
            roads. Our patented aluminum frame process provides a comfortable frame 
            that is light, durable, and shock absorbing. The City Cruiser 100 includes 
            several comfort features, like a suspension seat post, spring saddle, and 
            adjustable high-rise seat stem. The City Cruiser 100 also includes 
            semi-smooth tires that roll on the pavement, giving the rider plenty of 
            traction while soaking up the bumps.
         </description>

      </model>

      <model>
         <name class="city">City Cruiser 200</name>
         <html:img src="c200.jpg" alt="" />
         <features>
            <feature><fName>sizes: </fName>(L) 16.5", (XL) 18.5", (XXL) 21"</feature>
            <feature><fName>frame: </fName>Prime Aluminum Comfort Specific.</feature>
            <feature><fName>fork: </fName>InSync 178, adjustable preload, 50mm</feature> 
            <feature><fName>wheels: </fName>Bontrager Corvair rims</feature>
            <feature><fName>tires: </fName>Bontrager Comfort w/Kevlar</feature>
            <feature><fName>shifters: </fName>Lancaster Alivio</feature> 
            <feature><fName>front derailleur: </fName>Lancaster Nexave T301</feature>
            <feature><fName>rear derailleur: </fName>Lancaster Deore LX</feature> 
            <feature><fName>crankset: </fName>Lancaster T303 48/38/28</feature> 
         </features>
         <description>
            For those looking for a superior city bike at a reasonable price, the City 
            Cruiser 200 is the answer. As with all City Cruiser models the 200 provides 
            unparalleled performance and comfort. Tour Nation's patented aluminum frame 
            is light, durable, and shock absorbing. The City Cruiser 200 provides a wider 
            gear range than other models in this class, giving you just the right gear for 
            pedaling on any incline. The 200's design puts you in an upright, relaxed 
            riding position that makes pedaling easier and more enjoyable. As with all 
            City Cruiser models, the 200 also includes semi-smooth tires to soak up the 
            bumps while providing superior traction.
         </description>
      </model>

      <model>
         <name class="combo">Combo 750</name>
         <html:img src="combo750.jpg" alt="" />
         <features>
            <feature><fName>sizes: </fName>(S) 17.5", (M) 20", (L) 22.5"</feature>
            <feature><fName>frame: </fName>Prime Aluminum. Oversized tubes.</feature> 
            <feature><fName>fork: </fName>Trek high tensile steel ATB</feature> 
            <feature><fName>wheels: </fName>Matrix 550 rims</feature> 
            <feature><fName>tires: </fName>Bontrager Select, 700x38c f/r</feature> 
            <feature><fName>shifters: </fName>SRAM Verio</feature> 
            <feature><fName>front derailleur: </fName>Lancaster C051</feature> 
            <feature><fName>rear derailleur: </fName>Lancaster TY40GS</feature> 
            <feature><fName>crankset: </fName>SunRace FCM36 48/38/28</feature> 
         </features>
         <description>
            For those who need to go off-road or on, Tour Nation presents its line of 
            Combo bikes. These hybrids combine the comfort of a mountain bike with the 
            speed of a road bike. Each bike uses Tour Nation's patented aluminum frame 
            system for a frame that is light, durable, and stiffer to easily generate 
            power. The frame's medium upright position lets you enjoy the scenery while 
            getting into shape. The Combo models use a suspension seat post to soften the 
            bumps and bruises from rough payment and trails. All models use Lancaster 
            derailleurs and brakes with reinforced casing for greater durability and 
            reliability.
         </description>
      </model>

      <model>
         <name class="road">Tour 250</name>
         <html:img src="tour250.jpg" alt="" />
         <features>
            <feature><fName>sizes: </fName>(S) 17.5", (M) 20", (L) 22.5"</feature>
            <feature><fName>frame: </fName>Prime SL Aluminum.</feature> 
            <feature><fName>fork: </fName>Cro-Moly</feature>  
            <feature><fName>wheels: </fName>Winston Select: Paired Spoke</feature> 
            <feature><fName>tires: </fName>IRC Duro Tour, 700x35c f/r</feature> 
            <feature><fName>shifters: </fName>Lancaster Alivio</feature> 
            <feature><fName>front derailleur: </fName>Lancaster Nexave 301</feature> 
            <feature><fName>rear derailleur: </fName>Lancaster Deore SGS</feature> 
            <feature><fName>crankset: </fName>Lancaster Nexave T401 48/38/28</feature> 
         </features>
         <description>
            Go for a bike ride, come back in a month. This is the idea behind Tour 
            Nation's line of touring bikes. The Tour 250 is a classic example of a 
            rugged touring bike designed for days, weeks, and even months of continuous 
            use. The Tour 250 is loaded with features for the serious cyclist, including 
            reinforced braze-ons for pannier racks. The Tour 250 is also easy on your 
            body with a suspension seat post, spring saddle, and adjustable high-rise 
            seat stem, perfect for long tours and long days. All parts are engineered to 
            the highest quality. Quick release levers for all major parts make roadside 
            repairs a breeze.
         </description>
      </model>

      <model>
         <name class="road">Triathlon 200</name>
         <html:img src="tri200.jpg" alt="" />
         <features>
            <feature><fName>sizes: </fName>(M) 56cm, (L) 58cm, (XL) 60cm</feature> 
            <feature><fName>frame: </fName>Prime SLR Aluminum.</feature>  
            <feature><fName>fork: </fName>Carbon Air Foil</feature>  
            <feature><fName>wheels: </fName>Winston Select: Paired Spoke</feature>  
            <feature><fName>tires: </fName>IRC Triathalon, 650x25c f/r</feature>  
            <feature><fName>shifters: </fName>Lancaster bar end control</feature>  
            <feature><fName>front derailleur: </fName>Lancaster 105</feature>  
            <feature><fName>rear derailleur: </fName>Lancaster 105</feature>  
            <feature><fName>crankset: </fName>TruVativ Elita 55/42</feature>  
         </features>
         <description>
            With the Triathlon 200, Tour Nation continues its leadership in the field 
            of racing. Designed for the competitive triathlete, the Triathlon 200 has 
            everything you need in a racing bike. The Triathlon 200 is surprisingly light 
            but sturdy and dependable. Wind tunnel tested and race proven by world-class 
            athletes, the 200 features an aerodynamic downtube, steeper seat tube, and 
            flared seat stays. The 200's 650c tires and carbon air foil fork reduce air 
            drag, resulting in increased speed without increased effort.
         </description>
      </model>
   </models>
</document>