<?xml version="1.0" encoding="UTF-8" standalone="yes" ?>
<!--
   New Perspectives on XML
   Tutorial 2
   Tutorial Case

   Jackson Electronics Order Report
   Author: Hazim Mohaisen
   Date:   05/01/2012

   Filename:         order.xml
   Supporting Files: model.css, parts.css
-->

<?xml-stylesheet type="text/css" href="parts.css" ?>
<?xml-stylesheet type="test/css" href="model.css" ?>

<mod:model id="pr205" xmlns:mod="http://jacksonelect.com/models"
                  xmlns="http://jacksonelect.com/parts">
  <mod:title>Laser4C (PR205)</mod:title>
  <mod:description>Entry level color laser printer</mod:description>
  <mod:type>color laser</mod:type>
  <mod:ordered>320</mod:ordered>
  <mod:parts list="chx201,fa100-5,eng005-2,cbx-450V4,tn01-53" />

  <parts>
    <part id="chx201">
      <title>Chassis and Roller Kit</title>
      <description>PR205 chassis and rollers</description>
      <instock>512</instock>
    </part>

    <part id="fa100-5">
      <title>Fuser Assembly</title>
        <description>Fuser assembly/JE series</description>
      <instock>1253</instock>
    </part>

    <part id="eng005-2">
      <title>Engine Kit</title>
      <description>Printer engine kit/JE series</description>
      <instock>3895</instock>
    </part>

    <part id="cbx-450V4">
      <title>Controller board</title>
        <description>PR205 printer controller board</description>
          <instock>483</instock>
    </part>

    <part id="tn01-53">
      <title>Toner Kit</title>
      <description>PR205 toner kit (b,m,c,y)</description>
      <instock>812</instock>
    </part>
  </parts>

</mod:model>
